{
  "wer_mean": 0.48115319865319867,
  "wer_std": 0.19731744223243913,
  "cer_mean": 0.16054362988883764,
  "cer_std": 0.17263668891304662,
  "latency_mean": 0.11753218173980713,
  "latency_std": 0.15719993226078885,
  "rtf_mean": 0.041891094934865765,
  "rtf_std": 0.05322138965077615
}