{
  "wer_mean": 0.2912974987974988,
  "wer_std": 0.285381843303164,
  "cer_mean": 0.12241129932204699,
  "cer_std": 0.16821488373731514,
  "latency_mean": 0.38710898558298745,
  "latency_std": 0.19351654060417697,
  "rtf_mean": 0.15844166131399298,
  "rtf_std": 0.09004813565266509
}