{
  "precision_mean": 0.6221461187214612,
  "precision_std": 0.48485082827740195,
  "recall_mean": 0.6210045662100456,
  "recall_std": 0.4845483656980084,
  "f1_mean": 0.6213850837138509,
  "f1_std": 0.48451863202568507,
  "tp_mean": 0.9691780821917808,
  "tp_std": 0.8508442008567032,
  "fp_mean": 0.2089041095890411,
  "fp_std": 0.5110318909273227,
  "fn_mean": 0.00228310502283105,
  "fn_std": 0.04772727159901113,
  "origin_accuracy_mean": 0.9497716894977168,
  "origin_accuracy_std": 0.21841572133518536,
  "destination_accuracy_mean": 0.839041095890411,
  "destination_accuracy_std": 0.367493041155107,
  "both_correct_mean": 0.83675799086758,
  "both_correct_std": 0.36958633035710475,
  "validation_accuracy_mean": 1.0,
  "validation_accuracy_std": 0.0
}